scenario,location,fo_pct,so_pct
Baseline,Global,-0.0,-0.0
Baseline,AGO,-0.0,-0.0
Baseline,ARE,-0.0,-0.0
Baseline,ARG,-0.0,-0.0
Baseline,AUS,-0.0,-0.0
Baseline,AUT,-0.0,-0.0
Baseline,BEL,-0.0,-0.0
Baseline,BGD,-0.0,-0.0
Baseline,BGR,-0.0,-0.0
Baseline,BLR,-0.0,-0.0
Baseline,BRA,-0.0,-0.0
Baseline,BRN,-0.0,-0.0
Baseline,CAN,-0.0,-0.0
Baseline,CHE,-0.0,-0.0
Baseline,CHL,-0.0,-0.0
Baseline,CHN,-0.0,-0.0
Baseline,CIV,-0.0,-0.0
Baseline,CMR,-0.0,-0.0
Baseline,COD,-0.0,-0.0
Baseline,COL,-0.0,-0.0
Baseline,CRI,-0.0,-0.0
Baseline,CYP,-0.0,-0.0
Baseline,CZE,-0.0,-0.0
Baseline,DEU,-0.0,-0.0
Baseline,DNK,-0.0,-0.0
Baseline,EGY,-0.0,-0.0
Baseline,ESP,-0.0,-0.0
Baseline,EST,-0.0,-0.0
Baseline,FIN,-0.0,-0.0
Baseline,FRA,-0.0,-0.0
Baseline,GBR,-0.0,-0.0
Baseline,GRC,-0.0,-0.0
Baseline,HKG,-0.0,-0.0
Baseline,HRV,-0.0,-0.0
Baseline,HUN,-0.0,-0.0
Baseline,IDN,-0.0,-0.0
Baseline,IND,-0.0,-0.0
Baseline,IRL,-0.0,-0.0
Baseline,ISL,-0.0,-0.0
Baseline,ISR,-0.0,-0.0
Baseline,ITA,-0.0,-0.0
Baseline,JOR,-0.0,-0.0
Baseline,JPN,-0.0,-0.0
Baseline,KAZ,-0.0,-0.0
Baseline,KHM,-0.0,-0.0
Baseline,KOR,-0.0,-0.0
Baseline,LAO,-0.0,-0.0
Baseline,LTU,-0.0,-0.0
Baseline,LUX,-0.0,-0.0
Baseline,LVA,-0.0,-0.0
Baseline,MAR,-0.0,-0.0
Baseline,MEX,-0.0,-0.0
Baseline,MLT,-0.0,-0.0
Baseline,MMR,-0.0,-0.0
Baseline,MYS,-0.0,-0.0
Baseline,NGA,-0.0,-0.0
Baseline,NLD,-0.0,-0.0
Baseline,NOR,-0.0,-0.0
Baseline,NZL,-0.0,-0.0
Baseline,PAK,-0.0,-0.0
Baseline,PER,-0.0,-0.0
Baseline,PHL,-0.0,-0.0
Baseline,POL,-0.0,-0.0
Baseline,PRT,-0.0,-0.0
Baseline,ROU,-0.0,-0.0
Baseline,RUS,-0.0,-0.0
Baseline,SAU,-0.0,-0.0
Baseline,SEN,-0.0,-0.0
Baseline,SGP,-0.0,-0.0
Baseline,STP,-0.0,-0.0
Baseline,SVK,-0.0,-0.0
Baseline,SVN,-0.0,-0.0
Baseline,SWE,-0.0,-0.0
Baseline,THA,-0.0,-0.0
Baseline,TUN,-0.0,-0.0
Baseline,TUR,-0.0,-0.0
Baseline,TWN,-0.0,-0.0
Baseline,UKR,-0.0,-0.0
Baseline,USA,-0.0,-0.0
Baseline,VNM,-0.0,-0.0
Baseline,ZAF,-0.0,-0.0
Baseline,ROW,-0.0,-0.0
Tariff Shock,Global,-0.004251276266007357,-0.272110959543037
Tariff Shock,AGO,-2.1004663645005382e-05,-3.42306141748036e-05
Tariff Shock,ARE,-3.243918605187849e-05,-5.2816426981863864e-05
Tariff Shock,ARG,-1.5118868326935505e-05,-2.1339960675599994e-05
Tariff Shock,AUS,-1.927634504218147e-05,-3.0110304246001136e-05
Tariff Shock,AUT,-1.6787041941184704e-05,-2.5359489899391388e-05
Tariff Shock,BEL,-1.4235802207504607e-05,-1.999686363235139e-05
Tariff Shock,BGD,-8.266903630191515e-06,-1.026557370834662e-05
Tariff Shock,BGR,-1.2678142507770676e-05,-1.6491815880547603e-05
Tariff Shock,BLR,-7.645675401219907e-06,-8.88763923478043e-06
Tariff Shock,BRA,-3.084383897368099e-05,-6.478896622459978e-05
Tariff Shock,BRN,-1.422030756665743e-05,-1.7630790131447092e-05
Tariff Shock,CAN,-0.00033142732642700806,-0.00458729139658924
Tariff Shock,CHE,-1.391731362301251e-05,-1.9504379691633977e-05
Tariff Shock,CHL,-4.256372145803714e-05,-8.853680704704915e-05
Tariff Shock,CHN,-8.556794571327824e-06,-3.30223146068651e-05
Tariff Shock,CIV,-9.414184154381438e-06,-1.1633492410220175e-05
Tariff Shock,CMR,-7.228596083425577e-06,-8.43092379279426e-06
Tariff Shock,COD,-2.6614252514631258e-05,-4.170560331140323e-05
Tariff Shock,COL,-3.342907372041598e-05,-5.782553220711791e-05
Tariff Shock,CRI,-0.00012701029516408183,-0.0004763773288338036
Tariff Shock,CYP,-1.3308487443940656e-05,-1.662409252440199e-05
Tariff Shock,CZE,-1.3763021602290347e-05,-1.8215554554882484e-05
Tariff Shock,DEU,-1.6250066395806796e-05,-3.695253050510609e-05
Tariff Shock,DNK,-1.837029346880768e-05,-3.0321501765005562e-05
Tariff Shock,EGY,-3.537714660309301e-05,-7.364173550993666e-05
Tariff Shock,ESP,-1.7624165605604238e-05,-3.2008964822244636e-05
Tariff Shock,EST,-1.3994951206033861e-05,-1.7339866970008277e-05
Tariff Shock,FIN,-2.5146525452595564e-05,-4.284045566515884e-05
Tariff Shock,FRA,-1.828930334070769e-05,-3.2355340715106286e-05
Tariff Shock,GBR,-1.8803253217117345e-05,-3.354597018186378e-05
Tariff Shock,GRC,-5.1777818632567234e-05,-0.00011399507362278363
Tariff Shock,HKG,-1.1629167907376513e-05,-1.4985919641587314e-05
Tariff Shock,HRV,-2.183017513617515e-05,-3.568671626229102e-05
Tariff Shock,HUN,-1.1602647830607886e-05,-1.4530339736013917e-05
Tariff Shock,IDN,-8.712721108441745e-06,-1.1574143529802706e-05
Tariff Shock,IND,-2.5703364068923874e-05,-5.315348714156057e-05
Tariff Shock,IRL,-1.883588513865513e-05,-2.6835305653686433e-05
Tariff Shock,ISL,-2.5226904790269785e-05,-4.188896179785737e-05
Tariff Shock,ISR,-2.0589892247677335e-05,-3.079732351635105e-05
Tariff Shock,ITA,-1.2431547752814748e-05,-2.3243049955482467e-05
Tariff Shock,JOR,-1.7763468289995857e-05,-2.578784217301677e-05
Tariff Shock,JPN,-1.4578528313113213e-05,-2.891633579552326e-05
Tariff Shock,KAZ,-2.2552843514687623e-06,-2.5673100259500807e-06
Tariff Shock,KHM,-1.1819099113003074e-05,-1.4494190734935615e-05
Tariff Shock,KOR,-3.5355817381427804e-05,-8.154076222487017e-05
Tariff Shock,LAO,-9.38596656848544e-06,-1.1379032612648478e-05
Tariff Shock,LTU,-1.693765958598262e-05,-2.312990526685038e-05
Tariff Shock,LUX,-8.45894045600186e-06,-1.0031143485819258e-05
Tariff Shock,LVA,-7.481847969599738e-06,-8.712578930425567e-06
Tariff Shock,MAR,-1.8416485479972647e-05,-2.867553917585746e-05
Tariff Shock,MEX,-0.00022067409144921495,-0.0011888057063251672
Tariff Shock,MLT,-1.1393756208804425e-05,-1.3923252957304455e-05
Tariff Shock,MMR,-4.861050975761877e-06,-5.396774660620428e-06
Tariff Shock,MYS,-4.3357615762814265e-05,-8.056666281645142e-05
Tariff Shock,NGA,-4.726299308811677e-06,-5.552408416604933e-06
Tariff Shock,NLD,-2.2963680379550246e-05,-3.818207671910893e-05
Tariff Shock,NOR,-2.550872398293823e-05,-4.048639349014295e-05
Tariff Shock,NZL,-1.2361145654771937e-05,-1.649299313430641e-05
Tariff Shock,PAK,-3.397174062986482e-05,-7.433285075763916e-05
Tariff Shock,PER,-5.723023408198345e-05,-0.0001377326906162867
Tariff Shock,PHL,-1.0789943184656887e-05,-1.3306822206918377e-05
Tariff Shock,POL,-1.2988996780372541e-05,-1.8858495653592756e-05
Tariff Shock,PRT,-1.7604846644169875e-05,-2.719249318560906e-05
Tariff Shock,ROU,-6.842679624526095e-06,-8.227450558619225e-06
Tariff Shock,RUS,-9.259012680586552e-06,-1.5583475239402007e-05
Tariff Shock,SAU,-2.2679307590960116e-05,-3.520432046801179e-05
Tariff Shock,SEN,-7.679259432431157e-06,-9.0604265964148e-06
Tariff Shock,SGP,-3.0199194306030264e-05,-5.4838857433209577e-05
Tariff Shock,STP,-2.1942823766071684e-05,-3.052189810866493e-05
Tariff Shock,SVK,-9.543869667442203e-06,-1.1828306439284088e-05
Tariff Shock,SVN,-9.571616599323661e-06,-1.1656522566236129e-05
Tariff Shock,SWE,-1.184300075055497e-05,-1.6784977347292117e-05
Tariff Shock,THA,-2.4667139609491983e-05,-3.8664618821150614e-05
Tariff Shock,TUN,-1.617693346561098e-05,-2.144391900163267e-05
Tariff Shock,TUR,-2.597038323530712e-05,-5.140216114413244e-05
Tariff Shock,TWN,-5.400658767540268e-05,-0.00013204670758965479
Tariff Shock,UKR,-1.7469251142498096e-05,-2.521723106219283e-05
Tariff Shock,USA,-0.0020698996312345456,-0.26323151574300424
Tariff Shock,VNM,-5.638067267151067e-05,-0.0001132126135567743
Tariff Shock,ZAF,-1.6975946839499365e-05,-2.412288251141786e-05
Tariff Shock,ROW,-2.7338061202758825e-05,-5.678061287187173e-05
Sanction Shock,Global,0.029398287742800896,-1.4435936845680255
Sanction Shock,AGO,3.1547453670000134e-05,7.78025457748233e-06
Sanction Shock,ARE,0.00021701935037155706,-0.0004626227620164574
Sanction Shock,ARG,5.742968919885269e-05,-1.1940931044333289e-05
Sanction Shock,AUS,5.307308863083502e-05,-2.5627179355963726e-05
Sanction Shock,AUT,0.0009760352487901147,-0.01353595797267828
Sanction Shock,BEL,0.0006307016119048101,-0.006219886156964493
Sanction Shock,BGD,2.666641837652002e-05,9.751495946643096e-06
Sanction Shock,BGR,0.00034162264505279767,-0.0013735600195706927
Sanction Shock,BLR,0.0001570857037122572,-0.00024163166809219907
Sanction Shock,BRA,8.874122365322625e-05,-0.0001416247629635991
Sanction Shock,BRN,6.898205753264065e-05,-2.1525972194503654e-06
Sanction Shock,CAN,9.71513878559808e-05,-0.0002441361272285018
Sanction Shock,CHE,0.0005805576398126256,-0.005053778492136089
Sanction Shock,CHL,7.722972903178114e-05,-3.129823121230242e-05
Sanction Shock,CHN,6.012485999705928e-05,-0.0008841457437114793
Sanction Shock,CIV,6.198307222204981e-05,-1.857431744816552e-05
Sanction Shock,CMR,7.833668012646214e-05,-0.00012032809674927496
Sanction Shock,COD,0.00011789991299419886,-7.428179742608193e-05
Sanction Shock,COL,7.145030720628819e-05,-3.02079527049101e-05
Sanction Shock,CRI,8.366838219943052e-05,-4.3083365835154766e-05
Sanction Shock,CYP,0.0002809613234853659,-0.0008412530585852057
Sanction Shock,CZE,0.0009998974857006503,-0.01256097388986814
Sanction Shock,DEU,0.010831352736575152,-1.3205880376555819
Sanction Shock,DNK,0.0006039772954088067,-0.00496159628641802
Sanction Shock,EGY,9.19683023381567e-05,-0.00013609366400637316
Sanction Shock,ESP,0.00024008435923549102,-0.0015544780354213707
Sanction Shock,EST,0.00042491416841714544,-0.0018223971184681668
Sanction Shock,FIN,0.00037405466569067204,-0.0024288429100409784
Sanction Shock,FRA,0.0004029670323128659,-0.004268685869526944
Sanction Shock,GBR,0.00016569662405308217,-0.0009093162743075264
Sanction Shock,GRC,0.0002612128069388162,-0.0009429510597996529
Sanction Shock,HKG,9.475988971192588e-05,-8.128684355876935e-05
Sanction Shock,HRV,0.0005264891901680461,-0.003265248621772614
Sanction Shock,HUN,0.0007944844707097276,-0.007519287257560643
Sanction Shock,IDN,3.469378571569965e-05,-9.580714579507831e-06
Sanction Shock,IND,7.666057198916728e-05,-0.00015980438323013208
Sanction Shock,IRL,0.0001706957836789551,-0.0005209640304752995
Sanction Shock,ISL,0.0002540639668471731,-0.0007166835237022111
Sanction Shock,ISR,0.000184104147844023,-0.00042533962284389403
Sanction Shock,ITA,0.0003422595583406246,-0.004925680611045754
Sanction Shock,JOR,0.00022740905994570577,-0.00075210301226066
Sanction Shock,JPN,4.936285980578947e-05,-0.00014162702598972295
Sanction Shock,KAZ,4.4128968739532014e-05,-5.5182947476233126e-05
Sanction Shock,KHM,5.505380620875708e-05,9.218436053583994e-06
Sanction Shock,KOR,9.049099712569025e-05,-0.00026428651838455845
Sanction Shock,LAO,0.00010738523472640738,-0.00019088928540277728
Sanction Shock,LTU,0.0003735570090039198,-0.0016072797158421428
Sanction Shock,LUX,0.0007121430690045045,-0.005713179877130142
Sanction Shock,LVA,0.0004181187585600661,-0.0021929816605649032
Sanction Shock,MAR,0.00014220824852059026,-0.0002886161047370683
Sanction Shock,MEX,9.149280012578424e-05,-8.839024881746651e-05
Sanction Shock,MLT,0.00033943715570158763,-0.0012057129445441036
Sanction Shock,MMR,2.7970151413384846e-05,1.4887895763207978e-05
Sanction Shock,MYS,9.799005357988108e-05,-8.882356000347717e-05
Sanction Shock,NGA,3.997998218062733e-05,-8.6505393725763e-06
Sanction Shock,NLD,0.00046830339272843895,-0.003931985296935463
Sanction Shock,NOR,0.0002400569104419757,-0.0008305684535136733
Sanction Shock,NZL,6.514496095653498e-05,-8.505051604656489e-06
Sanction Shock,PAK,3.983364061087863e-05,3.5682759670788172e-06
Sanction Shock,PER,4.7313043500303246e-05,-1.2179934215367516e-06
Sanction Shock,PHL,4.6538273760414634e-05,2.954012714892461e-06
Sanction Shock,POL,0.0006791819621133874,-0.008519497749682407
Sanction Shock,PRT,0.00031957501470254187,-0.001269328563959793
Sanction Shock,ROU,0.0003988621897705988,-0.002309151398468694
Sanction Shock,RUS,0.00012435777949649772,-0.0008476653624055394
Sanction Shock,SAU,0.00013760566526391552,-0.00023065937451331763
Sanction Shock,SEN,7.227475372175656e-05,-2.6006354814138002e-05
Sanction Shock,SGP,9.38626813926013e-05,-0.00013642204684539454
Sanction Shock,STP,2.34436208145101e-05,8.741503748508844e-06
Sanction Shock,SVK,0.0006988756133428239,-0.006400758507272315
Sanction Shock,SVN,0.0005037060018662138,-0.0032488739908640234
Sanction Shock,SWE,0.00035646651684249496,-0.00250658920609336
Sanction Shock,THA,0.00012167775801504099,-0.00014390817691697512
Sanction Shock,TUN,0.00025346490794241516,-0.0008360483626068839
Sanction Shock,TUR,0.00015850654759252405,-0.0006565476497005349
Sanction Shock,TWN,9.132758209159761e-05,-0.00013206906912967357
Sanction Shock,UKR,0.0002095073243367911,-0.0005927630981932422
Sanction Shock,USA,5.204344644745757e-05,-0.00045877377776084205
Sanction Shock,VNM,9.627150694448441e-05,-6.275943779335621e-05
Sanction Shock,ZAF,0.00015099574937874104,-0.0002666294723355646
Sanction Shock,ROW,9.975811658269328e-05,-0.000482795002290696
